Dataset,sms_emoa,sms_emoa,sms_emoa,sms_emoa,sms_emoa,sms_emoa,sms_emoa,sms_emoa,sms_emoa,sms_emoa,sms_emoa,sms_emoa,sms_emoa,sms_emoa,sms_emoa,sms_emoa,sms_emoa,sms_emoa
,time,time_stdev,gmean,g_mean_std,fs,fs_std,gmean,g_mean_std,fs,fs_std,gmean,g_mean_std,fs,fs_std,gmean,g_mean_std,fs,fs_std
Colorectal_GSE44861,560.4982321977616,71.61869600898247,0.7764764726801808,0.16321433139664118,5.6,2.237609561948674,0.0,0.0,0.0,0.0,0.0,0.0,0.0,0.0,0.0,0.0,0.0,0.0
ALL-AML-full,314.00120407740275,4.008034486606471,0.8481635481512374,0.21051861530366278,3.7,1.441981395451268,0.0,0.0,0.0,0.0,0.0,0.0,0.0,0.0,0.0,0.0,0.0,0.0
breastCancer-full,377.49083019097645,47.68980484225744,0.5487622240108186,0.1889901151365989,8.2,4.22961643324945,0.0,0.0,0.0,0.0,0.0,0.0,0.0,0.0,0.0,0.0,0.0,0.0
prostate_tumorVSNormal-full,438.82825384140017,91.18118848029991,0.8100011754234472,0.11175418986469589,5.4,2.3722534027579245,0.0,0.0,0.0,0.0,0.0,0.0,0.0,0.0,0.0,0.0,0.0,0.0
