Dataset,sms_moneat,sms_moneat,sms_moneat,sms_moneat,sms_moneat,sms_moneat,sms_moneat,sms_moneat,sms_moneat,sms_moneat,sms_moneat,sms_moneat,sms_moneat,sms_moneat,sms_moneat,sms_moneat,sms_moneat,sms_moneat
,time,time_stdev,gmean,g_mean_std,fs,fs_std,gmean,g_mean_std,fs,fs_std,gmean,g_mean_std,fs,fs_std,gmean,g_mean_std,fs,fs_std
ALL-AML-full,357.1566341002782,111.5452673424916,0.8535592437434705,0.15826994137424202,3.7,1.8032537641527424,0.8367385184708286,0.17413756794761684,3.6333333333333333,1.7904600320690718,0.8530877745948995,0.15542719755286574,3.9,1.7090025322311297,0.8229125224358322,0.18886680332508704,3.8333333333333335,1.7827397228816746
Breast_GSE22820,475.88393935362495,106.3537663311503,0.8933500933026143,0.30324353948035687,2.8666666666666667,1.0742546199601597,0.8933500933026143,0.30324353948035687,2.7666666666666666,1.072648457158112,0.8933500933026143,0.30324353948035687,2.8666666666666667,1.0742546199601597,0.9266834266359477,0.25234822430058595,2.966666666666667,1.1591713250937241
Breast_GSE59246,328.87451922893524,213.6303177495748,0.6978060475403643,0.15923685825883419,3.466666666666667,1.1665845619713493,0.7009497477987762,0.15757685938821708,3.2,1.0954451150103321,0.7138547630789931,0.16389735891811918,3.8666666666666667,1.2521246311585852,0.7200419807021601,0.15080470519146355,3.7666666666666666,1.19433528860584
Breast_GSE70947,1069.5647755702337,1917.0918085779283,0.7858698297447884,0.07300714326812048,2.2333333333333334,0.6260623155792926,0.7884675167471947,0.07547904699861728,2.1666666666666665,0.6477192523656043,0.7918361347355096,0.07061990941696379,2.533333333333333,0.7760791522613609,0.7963499860770568,0.0847866408719056,2.3333333333333335,0.922266074754828
breastCancer-full,186.42423047224682,86.31402635571713,0.6435791746133848,0.11829857707269391,3.566666666666667,1.2507469032909713,0.646808824240497,0.11853759477440204,3.3,1.316997630453711,0.6468263375185774,0.1330634633094299,4.2,1.3235271579877137,0.6284983913175107,0.16536547785001726,3.8,1.3493293353264109
prostate_tumorVSNormal-full,434.0369872967402,493.75871683627474,0.6265105076746107,0.16536166154423448,3.1666666666666665,1.4403862827999165,0.6227858105514089,0.17142709955264832,3.2333333333333334,1.5241353305225644,0.6488323759129945,0.1480881179299662,3.466666666666667,1.4319827906241325,0.6462092449714423,0.13983379401940832,3.4,1.4762487408386116
