Dataset,sms_emoa,sms_emoa,sms_emoa,sms_emoa,sms_emoa,sms_emoa,sms_emoa
,time,gmean,fs,gmean,fs,gmean,fs
Colorectal_GSE25070,443.1401076396306,0.8575761705778682,2.4,0.8655477143024713,2.3,0.0,0.0
Breast_GSE22820,511.132654039065,0.8281025230440696,1.6666666666666667,0.8281025230440696,1.6666666666666667,0.0,0.0
Breast_GSE59246,405.13497211933134,0.7398351252560076,13.633333333333333,0.7360352804028891,11.2,0.0,0.0
Breast_GSE70947,1372.8778913259507,0.7975741552570316,32.7,0.7941206008943245,22.233333333333334,0.0,0.0
